CÓDIGO,UNIDAD DE MEDIDA,DESCRIPCIÓN,DESCRIPCIÓN ADICIONAL
10170986,unidad,PLATE-METAL-1250 MM-2500 MM-6 MM-SS,PLANCHA- ACERO INOXIDABLE AISI 304- 2500MM X 1250MM X 6MM- 150KG
10170987,unidad,PLATE-METAL-1250 MM-2500 MM-3 MM-SS,PLANCHA- ACERO INOXIDABLE AISI 304- 2500MM X 1250MM X 3MM- 90KG
10171262,unidad,ADAPTER-SLV-M45 X 1.5 MM-FOR MTRC SFT,MANGUITO DE FIJACION- SKF H309
10172577,unidad,SCREW-RND HD-1/4 IN-1 IN-GR 8-BULKHEAD,TORNILLO- CABEZA REDONDA- PASANTE- GRADO 8- 1/4 X 1 IN
10172578,unidad,SCREW-RND HD-1/4 IN-2 IN-GR 8-BULKHEAD,TORNILLO- CABEZA REDONDA- PASANTE- GRADO 8- 1/4 X 2 IN
10172585,unidad,WASHER-PRESS-3/8 IN,ARANDELA- PRESION- 3/8 IN
10172586,unidad,WASHER-PRESS-3/4 IN,ARANDELA- PRESION- 3/4 IN
10172588,unidad,WASHER-LOCK-1/4 IN,ARANDELA- GROWER- 1/4 IN
10172589,unidad,WASHER-LOCK-3/8 IN,ARANDELA- GROWER- 3/8 IN
10172590,unidad,WASHER-LOCK-GROWER-3/4 IN,ARANDELA- GROWER- 3/4 IN
10172591,unidad,WASHER-LOCK-GROWER-5/8 IN,ARANDELA- GROWER- 5/8 IN
10172593,unidad,WASHER-LOCK-1/2 IN,ARANDELA- GROWER- 1/2 IN
10172741,unidad,SCREW-6 IN-5/8 IN-TEL-FIX,TORNILLO- TEL-FIX- 6IN X 5/8IN- CAJA X 1000/UND
10172742,unidad,SCREW-6 IN-1 IN-TEL-FIX-700 UNIT PER BOX,TORNILLO- TEL-FIX- 6IN X 1IN- CAJA X 700/UND
10172743,unidad,SCREW-6 IN-1-1/2 IN-TEL-FIX,TORNILLO- TEL-FIX- 6IN X 1-1/2IN- CAJA X 500/UND
10172744,unidad,SCREW-8 IN-1-1/2 IN-TEL-FIX,TORNILLO- TEL-FIX- 8IN X 1-1/2IN- CAJA X 350/UND
10172745,unidad,SCREW-8 IN-2 IN-TEL-FIX-200 UNIT PER BOX,TORNILLO- TEL-FIX- 8IN X 2IN- CAJA X 200/UND
10172746,unidad,SCREW-8 IN-5/8 IN-TEL-FIX,TORNILLO- TEL-FIX- 8IN X 5/8IN- CAJA X 1000/UND
10172747,unidad,SCREW-10 IN-2 IN-TEL-FIX,TORNILLO- TEL-FIX- 10IN X 2IN- CAJA X 200/UND
10172748,unidad,SCREW-8 IN-1/2 IN-TEL-DRY-T1,TORNILLO- TEL-DRY T1 MECHA- 8IN X 1/2IN- CAJA X 800/UND
10172749,unidad,SCREW-8 IN-1 IN-TEL-DRY-T1,TORNILLO- TEL-DRY T1 MECHA- 8IN X 1IN- CAJA X 500/UND
10172750,unidad,SCREW-8 IN-3/4 IN-TEL-DRY-T1,TORNILLO- TEL -DRY T1 MECHA- 8IN X 3/4IN- CAJA X 500/UND
10172751,unidad,SCREW-6 IN-1-5/8 IN-TEL-DRY-T2,TORNILLO- TEL -DRY T2 MECHA- 6IN X 1-5/8IN- CAJA X 400/UND
10172752,unidad,SCREW-NDL-6 IN-1 IN-TEL-DRY-T2,TORNILLO- TEL -DRY T2 AGUJA- 6IN X 1IN- CAJA X 900/UND
10172753,unidad,SCREW-NDL-6 IN-1-1/2 IN-TEL-DRY-T3,TORNILLO- TEL -DRY T3 AGUJA- 6IN X 1-1/2IN- CAJA X 400/UND
10172754,unidad,SCREW-NDL-6 IN-2 IN-TEL-DRY-T4,TORNILLO- TEL -DRY T4 AGUJA- 6IN X 2IN- CAJA X 250/UND
10172755,unidad,BOARD-PHENOLIC-WOD-1.22 X 2.44 M-18 MM,TABLERO- MADERA- FENOLICO- 18 MM- 1.22 X 2.44 M
10172756,unidad,BOARD-PHENOLIC-WOD-1.22 X 2.44 M-15 MM,TABLERO- MADERA- FENOLICO- 15 MM- 1.22 X 2.44 M
10172757,unidad,BOARD-PHENOLIC-WOD-1.22 X 2.44 M-9 MM,TABLERO- MADERA- FENOLICO- 9 MM- 1.22 X 2.44 M
10172758,unidad,BOARD-NTRL WOD-1.8 X 2.6 M-15 MM-MDF,TABLERO- MADERA- MDF- NATURAL- 15 MM- 1.80 X 2.60 M
10172759,unidad,BOARD-WHT WOD-1.8 X 2.6 M-18 MM-MDF,TABLERO- MADERA- MDF- BLANCA- 18 MM- 1.80 X 2.60 M
10172760,unidad,BOARD-WHT WOD-1.8 X 2.6 M-15 MM-MDF,TABLERO- MADERA- MDF- BLANCA- 15 MM- 1.80 X 2.60 M
10172761,unidad,BOARD-BEECH WOD-1.8 X 2.6 M-3 MM-MDF,TABLERO- MADERA- MDF- PLUS- HAYA- 3 MM- 1.80 X 2.60 M
10172762,unidad,BOARD-WHT WOD-1.8 X 2.6 M-3 MM-MDF,TABLERO- MADERA- MDF- PLUS- BLANCA- 3 MM- 1.80 X 2.60 M
10172764,unidad,CEMENT-FORTEX CONT-20 KG-ADH-SLVT,CEMENTO- DE CONTACTO- SOLVENTE- ADHESIVO- FORTEX- ENVASE X 20KG
10172774,unidad,GRILL-HOT ROLD SHT-1/8 IN X 1500 X 3000,PLANCHA- ACERO- CHAPA LAMINADA EN CALIENTE- 1/8IN- 1500MM- 6000MM
10172775,unidad,PLATE-WEAR-2 X 6 M X 2 IN-STL-XAR 500,PLACA- DESGASTE- 2IN- 6MTS- 2MTS- XAR 500
10172776,unidad,PLATE-WEAR-2 X 6 M X 3/4 IN-STL-XAR 500,PLACA- DESGASTE- 3/4IN- 6MTS- 2MTS- XAR 500
10172777,unidad,PLATE-WEAR-2 X 6 M X 1/2 IN-STL-XAR 500,PLACA- DESGASTE- 1/2IN- 6MTS- 2MTS- XAR 500
10172778,unidad,PLATE-METAL-4 M-8 M-1/8 IN-STL,PLACA- ACERO- PLACA ANTIDESLIZANTE- 1/8IN X 4MTS X 8MTS
10172779,unidad,PLATE-METAL-1.5 M-3 M-1/4 IN-EXPNDD,PLACA- ACERO- PLACA METAL DESPLEGADO- 1/4IN X 1.50MTS X 3MTS
10172780,unidad,PLATE-METAL-1.5 M-3 M-1/8 IN-EXPNDD,PLACA- ACERO- PLACA METAL DESPLEGADO- 1/8IN X 1.50MTS X 3MTS
10172781,unidad,PLATE-METAL-1.5 M-6 M-1/8 IN-1010 STL,PLACA- ACERO- 1010- 1/8IN X 1.5MTS X 6MTS
10172782,unidad,PLATE-WEAR-2 X 6 M X 1-1/2 IN,PLACA DE DESGASTE- 1-1/2 IN- 6 MTS- 2 MTS- DUREZA NOMINAL 500BHN- XAR 500
10172783,unidad,PLATE-WEAR-2 X 6 M X 1-1/2 IN,PLACA DE DESGASTE- XAR PLUS 450/500 BHN- 1 1/4 IN X 2 X 6 MT (THYSSEN KRUPP)
10172784,unidad,PLATE-WEAR-2 X 6 M X 3/8 IN-STL-XAR 500,PLACA- DESGASTE- XAR 500- 3/8 IN- 6 MT- 2 MT- TYSSENKRUP - FORTINOX
10172787,unidad,WASHER-SPRING-GROWER-1-1/4 IN-ASTM A307,ARANDELA- ELASTICA- ASTM A-307- GROWER- DIN 127- 1-1/4 IN
10172799,rollo,WIRE-ELECTRICAL-TWSTD-14 AWG-BLU,ALAMBRE- ELECTRICIDAD- RETORCIDO- AZUL- BLUE- 14 AWG- TW
10172800,rollo,WIRE-ELECTRICAL-TWSTD-14 AWG-BLK-KINKED,ALAMBRE- ELECTRICIDAD- RETORCIDO- NEGRO- BLACK- 14 AWG- TW
10172801,rollo,WIRE-ELECTRICAL-TWSTD-R90-14 AWG-GRN,ALAMBRE- ELECTRICIDAD- RETORCIDO- VERDE- GREEN- 14 AWG- R90
10172991,unidad,WASHER-LOCK-7/16 IN,ARANDELA- GROWER- 7/16IN
10173359,unidad,NUT-20 X 2.5 MM-SS-GR 8,TUERCA- ACERO INOXIDABLE- 20 X 2.5 MM- G8
10177193,unidad,SCREW-CAP-M10-80 MM-DIN 912,TORNILLO- M10 X 80 MM- DIN 912- REFERENCIA- C56004- MARCA- GH
10177974,unidad,NUT-HEXAGONAL-1 1/8 IN X 300 MM-8 UNC,TUERCA- ACERO- 1 1/8 IN X 300 MM-8 UNC- G 8
10177975,unidad,NUT-HEXAGONAL-7/8 IN X 300 MM-9 UNC-STL,TUERCA- ACERO- 7/8 IN X 300 MM-9 UNC- G9
10178065,unidad,NUT-HEXAGONAL-1 1/4 IN X 300 MM-8 UNC,TUERCA- ACERO- 1 1/4 IN X 300 MM-8 UNC- G9
10252356,unidad,ANGLE-STRUCTURAL-1 IN-6 M-1/8 IN-STL-IRN,ANGULO- ACERO- 1IN X 1/8IN X 6M
10251210,unidad,ANGLE-STRUCTURAL-2 IN-12 M-1/8 IN-STL,ANGULO- ACERO- 2IN X 1/8IN X 6M
10252357,unidad,ANGLE-STRUCTURAL-2 IN-6 M-3/16 IN-STL,ANGULO- ACERO- 4IN X 5/16IN X 12M
10251211,unidad,ANGLE-STRUCTURAL-4 IN-6 M-5/16 IN-STL,ANGULO- ACERO- 2IN X 3/16IN X 6M
10251212,unidad,ANGLE-STRUCTURAL-6 IN-6 M-1/2 IN-STL-IRN,ANGULO- ACERO- 6IN X 1/2IN X 12M
10252358,unidad,ANGLE-STRUCTURAL-1 IN-6 M-1/8 IN-IRN-STL,PLANCHA- ACERO- HIERRO PLANCHUELA- 1IN X 1/8IN X 6M
10251213,unidad,ANGLE-STRUCTURAL-2 IN-6 M-1/4 IN-IRN-STL,PLANCHA- ACERO- HIERRO PLANCHUELA- 2IN X 1/4IN X 6M
10252359,unidad,ANGLE-STRUCTURAL-3 IN-6 M-1/8 IN-IRN-STL,PLANCHA- ACERO- HIERRO PLANCHUELA- 3IN X 1/8IN X 6M
10250068,unidad,ANGLE-STRUCTURAL-4 IN-6 M-1/4 IN-IRN-STL,PLANCHA- ACERO- HIERRO PLANCHUELA- 4IN X 1/4IN X 6M
10251593,unidad,ANGLE-STRUCTURAL-4 IN-6 M-3/8 IN-IRN-STL,PLANCHA- ACERO- HIERRO PLANCHUELA- 4IN X 3/8IN X 6M
10252360,unidad,ANGLE-STRUCTURAL-6 IN-6 M-1/2 IN-IRN-STL,PLANCHA- ACERO- HIERRO PLANCHUELA- 6IN X 1/2IN X 6M
10251596,unidad,PROFILE-12 M LG X 120 X 50 X 15 X 2,PERFIL- LAMINADO EN FRIO- C 120 X 50 X 15 X 2- 12M
10275307,unidad,SHEET-2500 MM-1250 MM-10 MM-304 SS,PLANCHA- ACERO INOXIDABLE AISI 304- 2500MM X 1250MM X 10MM- 250KG
10252371,unidad,GASKET-SHEET-COMPRSD PLTE-2 M-1.5 M,PLANCHA- LAMINA COMPRIMIDA- KLINGER 4408- 1.5 X 2 M- ESPESOR- 1.2 MM
10250077,unidad,GASKET-SHEET-COMPRSD PLTE-2 M-1.5 M,PLANCHA- LAMINA COMPRIMIDA- KLINGER 4408- 1.5 X 2 M- ESPESOR- 1.5 MM
10251599,unidad,GASKET-SHEET-COMPRSD PLTE-2 M-1.5 M-2 MM,PLANCHA- LAMINA COMPRIMIDA- KLINGER 4408- 1.5 X 2 M- ESPESOR- 2 MM
10251227,unidad,GASKET-SHEET-COMPRSD PLTE-2 M-1.5 M-3 MM,PLANCHA- LAMINA COMPRIMIDA- KLINGER 4408- 1.5 X 2 M- ESPESOR- 3 MM
10251252,unidad,INDICATOR-BRT-COLOR-PORTHOLES GRN,INDICADOR- LUMINOSO- OJOS DE BUEY VERDE- BAW- MOD B6EV674Q
10251253,unidad,INDICATOR-BRT-COLOR-PORTHOLES GRN,INDICADOR- LUMINOSO- OJOS DE BUEY VERDE- BAW- MOD B6EV673BB
10251254,unidad,INDICATOR-BRT-COLOR-PORTHOLES GRN,INDICADOR- LUMINOSO- OJOS DE BUEY VERDE- BAW- MOD B6EV674Q
10275390,unidad,CIRCUIT BREAKER-MINIATURE-THRML MGNTC,INTERRUPTOR- AUTOMATICO- MAGNETOTERMICO- MULTI 9- C60N- 10 A- MARCA- MERLIN GERIN
10251256,unidad,BOARD-PLSTC-385 X 370 X 154 MM,TABLERO- PLASTICO- 385MM X 370MM X 154MM- 3306 IP65- COLECTOR DE POLVO
10252416,unidad,SHROUD-BI-MTLC-CDP 4666 ATCHMNT LFT,GUARDERA- BIMETALICA- MATERIAL CDP 4666- SEGUN PLANO- 220-418-00X
10251281,unidad,GAUGE-PRESSURE-VAC-0 TO 30 IN HG,MANOMETRO- MODELO- 25-1490-A-02L- HG- 0-30 IN- 0-100 KPA- NPT 1/4
10252440,unidad,GAUGE-PRESSURE-WTR-0 TO 15 PSI-+/-1%,MANOMETRO- MODELO- 25-1009-SWL-02L-15PSI- MARCA- ASHCROFT
10250131,unidad,GAUGE-PRESSURE-WTR TUBE CONDENSING,MANOMETRO- MODELO- 25-1009-SWL-02L-30PSI- MARCA- ASHCROFT
10252441,unidad,GAUGE-PRESSURE-CMPD--30 IN HG,MANOMETRO- MODELO- 25-1009-SWL-02L-20PSI- MARCA- ASHCROFT
10250132,unidad,GAUGE-PRESSURE-WTR SPRY NOZL-0 TO 60 PSI,MANOMETRO- MODELO- 25-1009-SWL-02L-60PSI- MARCA- ASHCROFT
10252446,unidad,BIT-DRILL-19.5 MM-CYLDRCL-HSS-GR M2-HLCL,BROCA- HELICOIDAL- DE CABO- CONICO- ACERO HSS-M2- 19.5 MM
10251291,unidad,BIT-DRILL-22 MM-CYLDRCL-HSS-GR M2-HLCL,BROCA- HELICOIDAL- DE CABO- CONICO- ACERO HSS-M2- 22 MM
10251665,unidad,BIT-DRILL-3.25 MM-CYLDRCL-HSS-GR M2-HLCL,BROCA- HELICOIDAL- DE CABO CILINDRICO- ACERO HSS-M2- 3.25 MM
10252447,unidad,BIT-DRILL-3.75 MM-CYLDRCL-HSS-GR M2-HLCL,BROCA- HELICOIDAL- DE CABO CILINDRICO- ACERO HSS-M2- 3.75 MM
10252448,unidad,BIT-DRILL-4 MM-CYLDRCL-HSS-GR M2-HLCL,BROCA- HELICOIDAL- DE CABO CILINDRICO- ACERO HSS-M2- 4 MM
10250136,unidad,BIT-DRILL-4.25 MM-CYLDRCL-HSS-GR M2-HLCL,BROCA- HELICOIDAL- DE CABO CILINDRICO- ACERO HSS-M2- 4.25 MM
10251292,unidad,BIT-DRILL-4.5 MM-CYLDRCL-HSS-GR M2-HLCL,BROCA- HELICOIDAL- DE CABO CILINDRICO- ACERO HSS-M2- 4.5 MM
10251293,unidad,BIT-DRILL-4.75 MM-CYLDRCL-HSS-GR M2-HLCL,BROCA- HELICOIDAL- DE CABO CILINDRICO- ACERO HSS-M2- 4.75 MM
10251294,unidad,BIT-DRILL-5 MM-CYLDRCL-HSS-GR M2-HLCL,BROCA- HELICOIDAL- DE CABO CILINDRICO- ACERO HSS-M2- 5 MM
10251295,unidad,BIT-DRILL-5.25 MM-CYLDRCL-HSS-GR M2-HLCL,BROCA- HELICOIDAL- DE CABO CILINDRICO- ACERO HSS-M2- 5.25 MM
10252449,unidad,BIT-DRILL-5.75 MM-CYLDRCL-HSS-GR M2-HLCL,BROCA- HELICOIDAL- DE CABO CILINDRICO- ACERO HSS-M2- 5.75 MM
10251296,unidad,BIT-DRILL-6 MM-CYLDRCL-HSS-GR M2-HLCL,BROCA- HELICOIDAL- DE CABO CILINDRICO- ACERO HSS-M2- 6 MM
10251297,unidad,BIT-DRILL-6.25 MM-CYLDRCL-HSS-GR M2-HLCL,BROCA- HELICOIDAL- DE CABO CILINDRICO- ACERO HSS-M2- 6.25 MM
10252450,unidad,BIT-DRILL-6.5 MM-CYLDRCL-HSS-GR M2-HLCL,BROCA- HELICOIDAL- DE CABO CILINDRICO- ACERO HSS-M2- 6.5 MM
10251666,unidad,BIT-DRILL-7 MM-CYLDRCL-HSS-GR M2-HLCL,BROCA- HELICOIDAL- DE CABO CILINDRICO- ACERO HSS-M2- 7 MM
10251298,unidad,BIT-DRILL-8 MM-CYLDRCL-HSS-GR M2-HLCL,BROCA- HELICOIDAL- DE CABO CILINDRICO- ACERO HSS-M2- 8 MM
10251299,unidad,BIT-DRILL-8.25 MM-CYLDRCL-HSS-GR M2-HLCL,BROCA- HELICOIDAL- DE CABO CILINDRICO- ACERO HSS-M2- 8.25 MM
10252451,unidad,BIT-DRILL-8.75 MM-CYLDRCL-HSS-GR M2-HLCL,BROCA- HELICOIDAL- DE CABO CILINDRICO- ACERO HSS-M2- 8.75 MM
10251300,unidad,BIT-DRILL-9 MM-CYLDRCL-HSS-GR M2-HLCL,BROCA- HELICOIDAL- DE CABO CILINDRICO- ACERO HSS-M2- 9 MM
10252452,unidad,BIT-DRILL-9.75 MM-CYLDRCL-HSS-GR M2-HLCL,BROCA- HELICOIDAL- DE CABO CILINDRICO- ACERO HSS-M2- 9.75 MM
10250137,unidad,BIT-DRILL-10 MM-CYLDRCL-HSS-GR M2-HLCL,BROCA- HELICOIDAL- DE CABO CILINDRICO- ACERO HSS-M2- 10 MM
10252453,unidad,BIT-DRILL-10.5 MM-CYLDRCL-HSS-GR M2-HLCL,BROCA- HELICOIDAL- DE CABO CILINDRICO- ACERO HSS-M2- 10.5 MM
10250138,unidad,BIT-DRILL-10.75 MM-CYLDRCL-HSS-GR M2,BROCA- HELICOIDAL- DE CABO CILINDRICO- ACERO HSS-M2- 10.75 MM
10252454,unidad,BIT-DRILL-11 MM-CYLDRCL-HSS-GR M2-HLCL,BROCA- HELICOIDAL- DE CABO CILINDRICO- ACERO HSS-M2- 11 MM
10251301,unidad,BIT-DRILL-11.25 MM-CYLDRCL-HSS-GR M2,BROCA- HELICOIDAL- DE CABO CILINDRICO- ACERO HSS-M2- 11.25 MM
10251667,unidad,BIT-DRILL-11.5 MM-CYLDRCL-HSS-GR M2-HLCL,BROCA- HELICOIDAL- DE CABO CILINDRICO- ACERO HSS-M2- 11.5 MM
10251302,unidad,BIT-DRILL-11.75 MM-CYLDRCL-HSS-GR M2,BROCA- HELICOIDAL- DE CABO CILINDRICO- ACERO HSS-M2- 11.75 MM
10251303,unidad,BIT-DRILL-12 MM-CYLDRCL-HSS-GR M2-HLCL,BROCA- HELICOIDAL- DE CABO CILINDRICO- ACERO HSS-M2- 12 MM
10252455,unidad,BIT-DRILL-12.25 MM-CYLDRCL-HSS-GR M2,BROCA- HELICOIDAL- DE CABO CILINDRICO- ACERO HSS-M2- 12.25 MM
10250139,unidad,BIT-DRILL-13 MM-CYLDRCL-HSS-GR M2-HLCL,BROCA- HELICOIDAL- DE CABO CILINDRICO- ACERO HSS-M2- 13 MM
10251668,unidad,BIT-DRILL-13.5 MM-CYLDRCL-HSS-GR M2-HLCL,BROCA- HELICOIDAL- DE CABO CILINDRICO- ACERO HSS-M2- 13.5 MM
10251669,unidad,BIT-DRILL-14 MM-CYLDRCL-HSS-GR M2-HLCL,BROCA- HELICOIDAL- DE CABO CILINDRICO- ACERO HSS-M2- 14 MM
10250140,unidad,BIT-DRILL-14.25 MM-CYLDRCL-HSS-GR M2,BROCA- HELICOIDAL- DE CABO CILINDRICO- ACERO HSS-M2- 14.25 MM
10250141,unidad,BIT-DRILL-14.75 MM-CYLDRCL-HSS-GR M2,BROCA- HELICOIDAL- DE CABO CILINDRICO- ACERO HSS-M2- 14.75 MM
10252456,unidad,BIT-DRILL-15 MM-CYLDRCL-HSS-GR M2-HLCL,BROCA- HELICOIDAL- DE CABO CILINDRICO- ACERO HSS-M2- 15 MM
10251304,unidad,BIT-DRILL-15.5 MM-CYLDRCL-HSS-GR M2-HLCL,BROCA- HELICOIDAL- DE CABO CILINDRICO- ACERO HSS-M2- 15.5 MM
10275465,bolsa,INSECTICIDE-DIATOMACEOUS ERTH,TIERRA DIATOMEA- DIACTIV 12- BOLSA X 22.7 KG
10252489,unidad,SCREW-4795 MM-200 MM,TORNILLO- SIN FIN- PASO- 200 MM- DIAM- 200 MM- LONG- 4795 MM
10251430,unidad,EXTINGUISHER-FIRE-A-B-C-1 KG,EXTINTOR- TIPO- ABC X 1KG- PARA VEHICULOS LIVIANOS
10252573,unidad,REFRIGERANT-GAS-REF-R-134A X 30 LB-BTL,GAS REFRIGERANTE- R-134A- GARRAFA X 30 LB
10276427,bolsa,ABSORBENT-SPILL CLNG-PAD,MATERIAL ABSORBENTE- LIMPIEZA DERRAME- ABSORBENTE- PAÑO 0-38X0-5 X 100 UND- BOLSON
10276428,unidad,ABSORBENT-BOOM-OIL-8 IN DIA X 10 FT LG,CORDON- ABSORBENTE DE HIDROCARBUROS- MODELO- T-270- MARCA- 3M
10276429,bolsa,INSECTICIDE-DIATOMACEOUS ERTH-25 KG BAG,TIERRA DIATOMEA- BOLSA X 25KG
10252585,unidad,ABSORBENT-SPILL CLNG-ROL,MATERIAL ABSORBENTE- LIMPIEZA DERRAME- ABSORBENTE DE HIDROCARBURO ROLLO 1 X 50- MTS
10254891,unidad,EXTINGUISHER-FIRE-A-B-C-10 KG,EXTINTOR- TIPO- ABC X 10 KG
10250303,unidad,EXTINGUISHER-FIRE-A-B-C-5 KG,EXTINTOR- TIPO- ABC X 5 KG
10252598,unidad,EXTINGUISHER-FIRE-RECHARGE-10 KG-TYP ABC,RECARGA- EXTINTOR- TIPO- ABC X 10 KG
10250304,unidad,EXTINGUISHER-FIRE-RECHARGE-5 KG-TYP ABC,RECARGA- EXTINTOR- TIPO- ABC X 5 KG
10252599,unidad,EXTINGUISHER-FIRE-C DXDE-10 KG,EXTINTOR- CO2- 10 KG- CON MANGUERA DE DESCARGA Y CONO AMPLIO
10276438,unidad,EXTINGUISHER-FIRE-1 KG-TYP ABC,RECARGA- EXTINTOR- TIPO- ABC X 1 KG
10250305,unidad,EXTINGUISHER-FIRE-RECHARGE-25 KG-TYP ABC,RECARGA- EXTINTOR- TIPO- ABC X 25 KG
10254892,unidad,EXTINGUISHER-FIRE-RECHARGE-73 KG-TYP ABC,RECARGA- EXTINTOR- TIPO- ABC X 73 KG
10254893,unidad,EXTINGUISHER-FIRE-RECHARGE-5 L,RECARGA- EXTINTOR- USO COCINAS- TIPO- A-B-C-K X 5LT- CARGA- ACETATO DE POTASIO
10254894,unidad,EXTINGUISHER-FIRE-RECHARGE-50 KG-TYP ABC,RECARGA- EXTINTOR- TIPO- ABC X 50 KG
10254895,unidad,EXTINGUISHER-FIRE-RECHARGE-2.5 KG,RECARGA- EXTINTOR- TIPO- ABC X 2.5 KG- CHATO
10252600,unidad,EXTINGUISHER-FIRE-RECHARGE-5 KG-TYP ABC,RECARGA- EXTINTOR- TIPO- ABC X 5 KG- HCFC
10251456,unidad,EXTINGUISHER-FIRE-C DXDE-RECHARGE-7 KG,RECARGA- EXTINTOR- TIPO- BC X 7 KG- CO2
10276439,unidad,EXTINGUISHER-FIRE-10 KG-RECHARGE,RECARGA- EXTINTOR- TIPO- D X 10 KG
10276440,unidad,EXTINGUISHER-FIRE-5 KG-TYP D-RECHARGE KG,RECARGA- EXTINTOR- TIPO- D X 5 KG
10252601,unidad,EXTINGUISHER-FIRE-C DXDE-RECHARGE-10 KG,RECARGA- EXTINTOR- TIPO- BC X 10 KG- CO2
10251457,unidad,EXTINGUISHER-FIRE-C DXDE-RECHARGE-5 KG,RECARGA- EXTINTOR- TIPO- BC X 5 KG- CO2
10254896,unidad,EXTINGUISHER-FIRE-RECHARGE-6 KG,RECARGA- EXTINTOR- TIPO- ABCK X 6 KG- PQS
10250307,unidad,CHARGER-EXTINTOR-TYP-ABCK X 10 KG,RECARGA- EXTINTOR- TIPO- ABCK X 10 KG- C/ SELLO IRAM
10252602,unidad,EXTINGUISHER-FIRE-RECHARGE-10 KG-TYP ABC,RECARGA- EXTINTOR- TIPO- ABC X 10 KG- HCFC
10250308,unidad,EXTINGUISHER-FIRE-RECHARGE-10 L-TYP AFFF,RECARGA- EXTINTOR- TIPO- AFFF X 10 LT
10276457,kg,CHEMICAL-ROAD SALT-50 KG BAG,SAL PARA CAMINOS- BOLSA X 50KG (1000 A 1200KG POR PALLET)
10251481,unidad,DOOR-ACCS-HNDL-4 IN-CHRM 4IN POCAHONTAS,PUERTA- ACCESO- PICAPORTE CROMO 4IN PARA PUERTA POCAHONTAS- 4IN
10276464,unidad,BOARD-4 X 8 IN-5/8 IN,PLANCHA DE PARED- DE YESO- PLANCHA DE YESO CARTON RF- 5/8IN- 4IN- 8IN- VENICE WATER COLOR
10276465,unidad,SHEET-1.5 MM-FLT-GRA,ROLLO DE PISO- VINILICO- ESPESOR- 1.5 MM- COLOR- GRIS- CODIGO 9340
10276466,unidad,KNOB-LK-SS-FOR BEDROOM-BATH,CERRADURA- DE POMOS- ACERO INOXIDABLE- SCANAVINI- 4044-AI
10254918,unidad,KEY-FOR LOCKS VIRGENES PRIVE 200,LLAVE- VIRGEN- PARA CERRADURA PRIVE 200
10276467,unidad,LOCK-DOOR-DBL VANE-PADL,CERRADURA- PUERTA- DOBLE PALETA- PRIVE 200
10252630,unidad,LATCH-DOOR-CMMN-NO BRZ,PICAPORTES PARA PUERTA COMUN (NO BRONCE)
10250332,unidad,PUTTY-15 KG-MAXHAUS-FOR PLASTERBOARD,MAXHAUS- MASILLA- MASILLA PARA PLACA DE YESO- 15KG
10276468,unidad,BOARD-2.4 X 1.25 MM-1.2 MM,MAXHAUS- PLANCHA DE PARED- DE YESO- 1.20 X 2.40M- R/F 12.5MM
10252632,unidad,HINGE-DOOR-ACCS-BK-DBL ACTN-3 X 2 IN,BISAGRA- PUERTA ACCESO- LIBRO- DOBLE ACCION- 3IN X 2IN
10251484,unidad,HINGE-DOOR-ACCS-BK-120 X 27 X 3 X 1.5 MM,BISAGRA- PUERTA ACCESO- LIBRO- PULIDA- 120MM- 27MM- 3MM X 1.5MM
10251486,unidad,HINGE-DBL-LTCH-140 MM-GALVZ-REF-POMELA,PASADOR BISAGRA- POMELA- 140MM- ZINCADA DOBLE
10251487,unidad,HINGE-LTCH-140 MM-GALVZ-REF-POMELA,PASADOR BISAGRA- POMELA- 140MM- ZINCADA
10254919,unidad,SEAT COVER-TOILET-WC-W/ HNGE CHRM,ASIENTO- PARA WC- CON BISAGRA CROMADA- MARCA- BEMIS
10251488,unidad,HINGE-DOOR-ACCS-CLOSET,BISAGRA- PUERTA ACCESO- BISAGRAS PARA CLOSET
10250342,unidad,ELBOW-PIPE-3.2 MM-45 DEG-40 MM-PVC,CODO- TUBERIAS- 45DEG- 40MM- PVC- 3.2MM- HM
10252643,unidad,ELBOW-PIPE-3.2 MM-45 DEG-50 MM-PVC,CODO- TUBERIAS- 45DEG- 50MM- PVC- 3.2MM- HM
10252644,unidad,ELBOW-PIPE-3.2 MM-45 DEG-110 MM-PVC,CODO- TUBERIAS- 45DEG- 110MM- PVC- 3.2MM- HM
10252645,unidad,ELBOW-PIPE-3.2 MM-90 DEG-40 MM-PVC,CODO- TUBERIAS- 90DEG- 40MM- PVC- 3.2MM- HM
10250343,unidad,ELBOW-PIPE-3.2 MM-90 DEG-50 MM-PVC,CODO- TUBERIAS- 90DEG- 50MM- PVC- 3.2MM- HM
10250344,unidad,ELBOW-PIPE-3.2 MM-90 DEG-110 MM-PVC,CODO- TUBERIAS- 90DEG- 110MM- PVC- 3.2MM- HM
10254928,unidad,ELBOW-PIPE-3.2 MM-FLG INVERSION-45 DEG,CODO- BRIDA- INVERSION- CURVA- 3.2MM- 63MM- PVC- 45DEG
10252646,unidad,ELBOW-PIPE-3.2 MM-FLG INVERSION-90 DEG,CODO- BRIDA- INVERSION- CURVA- 3.2MM- 40MM- PVC- 90DEG
10250345,unidad,ELBOW-PIPE-3.2 MM-FLG INVERSION-90 DEG,CODO- BRIDA- INVERSION- CURVA- 3.2MM- 50MM- PVC- 90DEG
10252647,unidad,ELBOW-PIPE-3.2 MM-FLG INVERSION-90 DEG,CODO- BRIDA- INVERSION- CURVA- 3.2MM- 110MM- PVC- 90DEG
10276470,unidad,MAT-FLOR-40 X 63 X 3.2 MM-PVC-POOL-5 ENT,PISCINA- PILETA DE PISO- 5 ENT. 40MM - SAL. 63MM- 15 X 15- PVC 3.2MM
10276471,unidad,CONNECTOR-PIPE-40 X 3.2 MM-PVC-45 DEG-MH,CONECTOR- TUBERIAS- RAMIFICADO- 45DEG- 40MM- 3.2MM- PVC- RAMAL- MH
10276472,unidad,CONNECTOR-PIPE-50 X 3.2 MM-PVC-45 DEG-MH,CONECTOR- TUBERIAS- RAMIFICADO- 45DEG- 50MM- 3.2MM- PVC- RAMAL- MH
10276473,unidad,CONNECTOR-PIPE-110 X 63 X 3.2 MM-PVC,CONECTOR- TUBERIAS- RAMIFICADO- 45DEG- 110MM X 63MM- 3.2MM- PVC- RAMAL- MH
10276474,unidad,CONNECTOR-PIPE-110 X 3.2 MM-PVC-90 DEG,CONECTOR- TUBERIAS- RAMIFICADO- 90DEG- 110MM- 3.2MM- PVC- RAMAL- HH
10251503,unidad,LID-50 X 3.2 MM-PVC,TAPA- PVC- 50 MM- 3.2 MM
10251504,unidad,LID-63 X 3.2 MM-PVC,TAPA- PVC- 63 MM- 3.2 MM
10252648,unidad,LID-110 X 3.2 MM-PVC-TOP,TAPA- PVC- 110 MM- 3.2 MM
10252649,tiron,PIPE-NON-METALLIC-40 MM-1 M-3.2 MM-PVC,TUBERIA- PLASTICO- 1M- 40MM- PVC- 3.2MM
10250346,tiron,PIPE-NON-METALLIC-50 MM-1 M-3.2 MM-PVC,TUBERIA- PLASTICO- 1M- 50MM- PVC- 3.2MM
10254930,tiron,PIPE-NON-METALLIC-63 MM-1 M-3.2 MM-PVC,TUBERIA- PLASTICO- 1M- 63MM- PVC- 3.2MM
10250347,tiron,PIPE-NON-METALLIC-110 MM-1 M-3.2 MM-PVC,TUBERIA- PLASTICO- 1M- 110MM- PVC- 3.2MM
10250349,unidad,BALL-FULBR KEY-PASS TOT-TWO BODIES,LLAVE ESFERICA- DE PASO TOTAL- DOS CUERPOS- PARA AGUA- 1/2 IN
10252651,unidad,BALL-FULBR KEY-PASS TOT-TWO BODIES,LLAVE ESFERICA- DE PASO TOTAL- DOS CUERPOS- PARA AGUA- 3/4 IN
10250350,unidad,BALL-FULBR KEY-PASS TOT-TWO BODIES,LLAVE ESFERICA- DE PASO TOTAL- DOS CUERPOS- PARA AGUA- 1 IN
10251508,unidad,BALL-FULBR KEY-PASS TOT-TWO BODIES,LLAVE ESFERICA- DE PASO TOTAL- DOS CUERPOS- PARA AGUA- 1-1/4 IN
10251509,unidad,BALL-FULBR KEY-PASS TOT-TWO BODIES,LLAVE ESFERICA- DE PASO TOTAL- DOS CUERPOS- PARA AGUA- 1-1/2 IN
10251510,unidad,BALL-FULBR KEY-PASS TOT-TWO BODIES,LLAVE ESFERICA- DE PASO TOTAL- DOS CUERPOS- PARA AGUA- 2 IN
10254934,unidad,BALLAST-EM-36/40 W-FOR INTR USE,BALASTO- ELECTROMAGNETICO- 36/40 W
10250351,unidad,COVER-WHT,TAPA- 3MOD- NBO- BLANCO- JELUZ
10252652,unidad,SOCKET-ELECTRICAL-MDLR-220 V-10 A-WHT,CONECTOR HEMBRA- MODULAR- ELECTRICIDAD- TOMA CORRIENTES- BLANCO- 10A/220V
10250352,unidad,SOCKET-ELECTRICAL-MDLR-POINT MDL-220 V,CONECTOR HEMBRA- MODULAR- ELECTRICIDAD- DE UN PUNTO- BLANCO- 220V
10254935,unidad,SOCKET-ELECTRICAL-BLND MDL-WHT,CONECTOR HEMBRA- MODULAR- ELECTRICIDAD- CIEGO- BLANCO
10254936,unidad,SEAT COVER-TOILET-CUSH-UNIVSL-PVC-WHT,ASIENTO- INODORO ACOLCHADO- UNIVERSAL- PVC- BLANCO
10252653,unidad,PLATE-METAL-35 CM-1/2 IN-FLEX STL,LAMINA- ACERO- ACERO MALLADO PARA AGUA- FLEXIBLE- 1/2IN X 35CM
10250353,unidad,PLATE-METAL-20 CM-1/2 IN-FLEX STL,LAMINA- ACERO- ACERO MALLADO PARA AGUA- FLEXIBLE- 1/2IN X 20CM
10251512,unidad,DRAIN-50 MM-SS-MULTPL-WASTES-SOPAPA,DESAGÜE- MULTIPLE- DESHECHOS- SOPAPA PLASTICA CON REJA ACERO INOXIDABLE- 50MM
10251513,unidad,SHOWER-LG-HD PLUS 61 FV-ALCACHOFA,ALCACHOFA- DUCHAS- LARGO DUCHA- 61 PLUS FV
10252656,unidad,ELBOW-PIPE-1 IN-90 DEG-EPXY,CODO- TUBERIAS- 90DEG- 1IN- EPOXI- HH
10252657,unidad,ELBOW-PIPE-1/2 IN-90 DEG-90-1/2 IN-EPXY,CODO- TUBERIAS- 90DEG- 1/2IN- EPOXI- HM
10250357,unidad,ELBOW-PIPE-3/4 IN-90 DEG-90-3/4 IN-EPXY,CODO- TUBERIAS- 90DEG- 3/4IN- EPOXI- HM
10276475,unidad,TEE-3/4 IN-3/4 IN-EPXY,TE- EPOXI- 3/4 IN
10276476,unidad,TEE-1 IN-1 IN-EPXY,TE- EPOXI- 1 IN
10252665,unidad,SUPPORT-ANGL PF,SOPORTE- ANGULAR- PERFIL ANGULO- 3IN- 3IN- 3/16IN- 1020
10251523,unidad,SUPPORT-ANGL PF,SOPORTE- ANGULAR- PERFIL ANGULO- 2IN- 2IN- 3/16IN- 1020
10250366,unidad,SUPPORT-ANGL PF,SOPORTE- ANGULAR- PERFIL ANGULO- 1IN- 1IN- 3/16IN- 1020
10251524,unidad,ANGLE-STRUCTURAL-1-1/2 IN-6 M-1/4 IN-IRN,ANGULO- HIERRO- HIERRO- 1-1/2IN X 1/4IN X 6M
10252666,unidad,ANGLE-STRUCTURAL-2 IN-6 M-1/4 IN-IRN,ANGULO- HIERRO- HIERRO- 2IN X 1/4IN X 6M
10250367,unidad,ANGLE-STRUCTURAL-3 IN-12 M-3/8 IN-IRN,ANGULO- HIERRO- HIERRO- 3IN X 3/8IN X 12M
10276491,unidad,SHEET-6 M-1 IN-1/4 IN-IRN-STL-CLOD,PLANCHA- ACERO- HIERRO PLANCHUELA- 1IN X 1/4IN- 6M
10276492,unidad,SHEET-6 M-2 IN-3/8 IN-IRN-STL-CLOD,PLANCHA- ACERO- HIERRO PLANCHUELA- 2IN X 3/8IN- 6 M
10276493,unidad,SHEET-12 M-2 IN-1/4 IN-IRN-STL-CLOD,PLANCHA- ACERO- HIERRO PLANCHUELA- 2IN X 1/2IN- 12M
10276494,unidad,PLATE-METAL-3 X 1/2 IN-6 M-IRN-STL-CLOD,PLANCHA- ACERO- HIERRO PLANCHUELA- 3IN X 1/2IN- 6M
10276495,unidad,SHEET-6 M-4 IN-1/2 IN-IRN-STL-CLOD,PLANCHA- ACERO- HIERRO PLANCHUELA- 4IN X 1/2IN- 6M
10252667,unidad,SHEET-GRILLED-HOT ROLD-3000 MM-1500 MM,PLANCHA- ACERO- CHAPA LAMINADA EN CALIENTE- 1/4IN- 1500MM- 3000MM
10250368,unidad,SHEET-GRILLED-HOT ROLD-6000 MM-1500 MM,PLANCHA- ACERO- CHAPA LAMINADA EN CALIENTE- 3/8IN- 1500MM- 6000MM
10252668,unidad,SHEET-GRILLED-HOT ROLD-3000 MM-1500 MM,PLANCHA- ACERO- CHAPA LAMINADA EN CALIENTE- 1/2IN- 1500MM- 3000MM
10250369,unidad,SHEET-GRILLED-HOT ROLD-3000 MM-1500 MM,PLANCHA- ACERO- CHAPA LAMINADA EN CALIENTE- 5/8IN- 1500MM- 3000MM
10251525,unidad,SHEET-GRILLED-HOT ROLD-6000 MM-1500 MM,PLANCHA- ACERO- CHAPA LAMINADA EN CALIENTE- 3/4IN- 1500MM- 6000MM
10276496,unidad,PLATE-WEAR-1/4 IN-XAR 450-500-6 MT 2MT,PLACA- DESGASTE- DUREZA- XAR 450- 1/4 IN- 6 MT- 2MT- TYSSENKRUP - FORTINOX
10252693,unidad,ROD-THREADED-1/4 IN-1 M,VARILLA- ROSCADA- 1/4 IN X 1 M
10251549,unidad,ROD-THREADED-5/16 IN-1 M,VARILLA- ROSCADA- 5/16 IN X 1 M
10254992,unidad,LAMP-LW CONSUMPTION-8 W,LAMPARA- BAJO CONSUMO- 8 W
10250423,unidad,CHANNEL-CABL-20 X 10 MM X 2 M-PVC,CABLECANAL- PVC- 20 X 10MM X 2M- PARA EXTERIORES- COLOR BLANCO- ADHESIVE
10255004,unidad,CHANNEL-CABL-30 X 10 MM X 2 M-PVC,CABLECANAL- PVC- 30 X 10MM X 2M- PARA EXTERIORES- COLOR BLANCO- ADHESIVE
10276533,unidad,CHANNEL-40 X 40 MM X 2 M-PVC-CABL,CABLECANAL- PVC- 40 X 40MM X 2M- PARA EXTERIORES- COLOR BLANCO
10276534,unidad,CHANNEL-60 X 40 MM X 2M-PVC-CABL,CABLECANAL- PVC- 60 X 40MM X 2M- PARA EXTERIORES- COLOR BLANCO
10252737,unidad,LIGHT-EMERGENCY-20 W-220 V-FREQ-50 HZ,LUZ- EMERGENCIA- ATOMLUX- 220 V- 50 HZ- 20 W- REF- 2020
10251587,unidad,BATTERY-6 V-4-.2 AH-FOR EMRGNCY LGHT,BATERIA- PARA LUCES DE EMERGENCIA- 6V- 4-2 AH
10251589,unidad,LAMP-MXR-250 W-220 V-E40,LAMPARA- MEZCLADORA- 250W / 220 V E40
10252739,metros,CABLE-FLEX-3-10 AWG,CABLE- FLEXIBLE- 10 AWG 3 CONDUCTOR
10255007,metros,SET-SOOW 90/-40 DEG C-10 AWG,CABLE-INTERRUPTOR- ELECTRICIDAD- CONJUNTO- SOOW 90/-40 DEG C- 10AWG/4C
10255008,metros,CABLE-FLEX-4-8 AWG,CABLE- FLEXIBLE- 8 AWG 4 CONDUCTOR
10255009,metros,CABLE-FLEX-4-6 AWG,CABLE- FLEXIBLE- 6 AWG 4 CONDUCTOR
10252742,metros,CABLE-P-1 X 2.5 MM,CABLE- UNIPOLAR- 1 X 2.5 MM
10250430,metros,CABLE-UNIPOLAR-1 X 6 MM,CABLE- UNIPOLAR- 1 X 6 MM
10255022,metros,CABLE-WORKSHOP-3 X 1.5 MM-CU-100 M ROL,CABLE- COBRE- TIPO- TALLER- 3 X 1.5 MM X METRO
10252747,metros,CABLE-UNIFILAR-1.5 MM-RED,CABLE- UNIFILAR- 1.5 MM- COLOR- ROJO (EN METROS)
10250434,metros,CABLE-UNIFILAR-1.5 MM-SKY BLU,CABLE- UNIFILAR- 1.5 MM- COLOR- CELESTE
10255023,metros,CABLE-UNIFILAR-1.5 MM-BLK,CABLE- UNIFILAR- 1.5 MM- COLOR- NEGRO
10250435,metros,CABLE-UNIFILAR-1.5 MM-GRN-YEL,CABLE- UNIFILAR- 1.5 MM- COLOR- VERDE Y AMARILLO
10276535,unidad,FRAME,BASTIDOR- JELUZ VERONA
10250443,unidad,COVER-CSTG-FRME-TOP,TAPA- BASTIDOR- JELUZ VERONA
10255026,unidad,HOLDER-LAMP-SCKT,PORTALAMPARAS- TRES PIEZAS
10255027,unidad,LAMP-ENRGY SAVING-LW PWR-20 W,LAMPARA- BAJO CONSUMO- 20 W
10255028,unidad,LAMP-18 W-BRND-POLYLUX,LAMPARA- POLYLUX- 18 W
10250444,unidad,LAMP-SPOT-60 W-E27-R63,LAMPARA- SPOT- 60 W- R63 E27
10255029,unidad,LAMP-SODIUM-70 W,LAMPARA- SODIO- 70 W
10276536,unidad,LIGHT-FLOOD-EXT PJTR-1000 W-220 VAC,PROYECTOR- EXTERIOR- SIMETRICO- PHILIPS HNF 003
10251799,unidad,LAMP-SODIUM-400 W-198 V-E40-UNIVSL,LAMPARA DE SODIO- 400 W- SON-T 400W- PHILIPS
10252761,unidad,LAMP-MERCURY VAPOR-HPI-150 W,LAMPARA- VAPOR MERCURIO- 150W- HPI
10250445,unidad,BALLAST-220 VAC-1000 W-MRCRY,REACTANCIA- LAMPARA- BALASTO- MERCURIO- APTO INTEMPERIE- 1000W- 220VAC
10252764,unidad,LAMP-INCANDESCENT-40 W-24 VAC-E27,LAMPARA- INCANDESCENTE- 40W- 24VAC- E27- MARCA- PHILIPS
10251802,unidad,SET-45 MF CPCTR,acrilico
10250448,unidad,FIXTURE-LIGHT-LMP-2 X 36 W-220 V,LAMPARAS Y ACCESORIOS DE LA ILUMINACION- LUMENAC- PLAFON MAREA 236 COMPLETO- IP65- 2X36W- 220V
10250449,unidad,LAMP-SODIUM-HGH PRESS VAPOR-250 W-220 V,LAMPARA- DE VAPOR DE SODIO ALTA PRESION 250 W 220V- SON-T PRO 250WE40
10251803,unidad,LAMP-METAL HALIDE-KOLORARC TUBLR-400 W,LAMPARA- MERCURIO HALOGENADO- T 400W 220V- KRC400/T/H/960 E400W E40
10251805,unidad,HOLDER-LAMP-E40-CRMC,PORTA-LAMPARA- PORCELANA- E40
10252769,unidad,HOLDER-LAMP-E27-PORC,PORTA-LAMPARA- PORCELANA- E27
10252770,unidad,LAMP-SODIUM-HGH PRESS-70 W-220 V-E39 MGL,LAMPARA DE SODIO- ALTA PRESION- 70 W- 220 V- 50 HZ- CERAMALUX C70S62/ALTO- PHILIPS
10252771,unidad,LAMP-SODIUM-HGH PRESS-150 W-220 V-E40,LAMPARA DE SODIO- ALTA PRESION- 150 W- 220 V- 50 HZ- SON T 150W/ALTO- PHILIPS
10250450,unidad,LAMP-SODIUM-HGH PRESS-400 W-220 V,LAMPARA DE SODIO- ALTA PRESION- 400 W- 220 V- 50 HZ- CERAMALUX C400S51/ALTO- PHILIPS
10250453,unidad,LAMP-SODIUM-VAPOR-150 W-E40,LAMPARA- DE VAPOR DE SODIO- ELIP PRO 150W E40- REF- 928150309891
10255424,unidad,LAMP-FLUORESCENT-58/54 W-DYLGT-TLD,LAMPARA- FLUORESCENTE- 58W/54
10250454,unidad,CIRCUIT BREAKER-10 A-10 KA-1 P,INTERRUPTOR- TERMOMAGNETICO- CURVA-C-10KA- 1 X 10 A
10252773,unidad,CIRCUIT BREAKER-16 A-10 KA-2 P,INTERRUPTOR- TERMOMAGNETICO- CURVA-C-10KA- 2 X 16 A
10252774,unidad,CIRCUIT BREAKER-25 A-10 KA-2 P,INTERRUPTOR- TERMOMAGNETICO- CURVA-C-10KA- 2 X 25 A
10251806,unidad,CIRCUIT BREAKER-16 A-10 KA-4 P,INTERRUPTOR- TERMOMAGNETICO- CURVA-C-10KA- 4 X 16 A
10250455,unidad,CIRCUIT BREAKER-25 A-10 KA-4 P,INTERRUPTOR- TERMOMAGNETICO- CURVA-C-10KA- 4 X 25 A
10252775,unidad,CIRCUIT BREAKER-32 A-10 KA-4 P,INTERRUPTOR- TERMOMAGNETICO- CURVA-C-10KA- 4 X 32 A
10250456,unidad,CIRCUIT BREAKER-50 A-10 KA-4 P-CRV-C,INTERRUPTOR- TERMOMAGNETICO- CURVA-C-10KA- 4 X 50 A
10252776,unidad,CIRCUIT BREAKER-63 A-10 KA-4 P,INTERRUPTOR- TERMOMAGNETICO- CURVA-C-10KA- 4 X 63 A
10255425,unidad,CIRCUIT BREAKER-32 A-10 KA-3 P,INTERRUPTOR- TERMOMAGNETICO- CURVA-C-10KA- 3 X 32 A
10255426,unidad,CIRCUIT BREAKER-50 A-10 KA-3 P,INTERRUPTOR- TERMOMAGNETICO- CURVA-C-10KA- 3 X 50 A
10255427,unidad,CIRCUIT BREAKER-63 A-10 KA-3 P,INTERRUPTOR- TERMOMAGNETICO- CURVA-C-10KA- 3 X 63 A
10255428,unidad,SWITCH-DIFFRNTL-25 A-NO OF P-2-IMMUNIZED,INTERRUPTOR- DIFERENCIAL- ID INMUNIZADO- 2 X 25 A
10250457,unidad,SWITCH-DIFFRNTL-63 A-NO OF P-4-IMMUNIZED,INTERRUPTOR- DIFERENCIAL- ID INMUNIZADO- 4 X 63 A
10255429,unidad,CIRCUIT BREAKER-25 A-1 P-THRML-MGNTC,INTERRUPTOR- TERMOMAGNETICO- UNIPOLAR- 1 X 25 A
10255430,unidad,CIRCUIT BREAKER-16 A-1 P-THRML-MGNTC,INTERRUPTOR- TERMOMAGNETICO- UNIPOLAR- 1 X 16 A
10251807,unidad,CIRCUIT BREAKER-32 A-1 P-THRML-MGNTC,INTERRUPTOR- TERMOMAGNETICO- UNIPOLAR- 1 X 32 A
10251808,unidad,CIRCUIT BREAKER-32 A-3 P-THRML-MGNTC,INTERRUPTOR- TERMOMAGNETICO- TRIPOLAR- 3 X 32 A
10252777,unidad,CIRCUIT BREAKER-40 A-3 P-THRML-MGNTC,INTERRUPTOR- TERMOMAGNETICO- TRIPOLAR- 3 X 40 A
10250458,unidad,SWITCH-DIFFRNTL-40 A-NO OF P-2,INTERRUPTOR- DIFERENCIAL- 2 X 40 A
10250459,unidad,SWITCH-TIME-DGTL-220 V-16 A-BRND-DILETTA,INTERRUPTOR- HORARIO- DIGITAL
10252778,unidad,INTEGRATED CIRCUIT-MCR-SET-PHOTOCONTROL,MICROCIRCUITO- CONJUNTO- FOTOCONTROL- RTF/8- 220V
10276542,unidad,CIRCUIT BREAKER-MINIATURE-6 A,INTERRUPTOR- 5SX2- 6 A- MARCA- SIEMENS
10255431,unidad,CIRCUIT BREAKER-MINIATURE-10 A,INTERRUPTOR- 5SX2- 10 A- MARCA- SIEMENS
10276543,unidad,CIRCUIT BREAKER-MINIATURE-25 A,INTERRUPTOR- 5SX2- 25 A- MARCA- SIEMENS
10276544,unidad,CIRCUIT BREAKER-MINIATURE-80 A,INTERRUPTOR- 5SX2- 80 A- MARCA- SIEMENS
10276563,unidad,RELAY-OVERLOAD-ADJSTBL-THRML PRTCTN,RELE- TERMICO- SIEMENS-SIRIUS- 3RU1126- DE PROTECCION CONTRA SOBRECARGA
10276564,unidad,RELAY-OVERLOAD-ADJSTBL-THRML PRTCTN,RELE- TERMICO- SIEMENS-SIRIUS- 3RU1116- DE PROTECCION CONTRA SOBRECARGA
10276579,unidad,SENSOR-SPEED-LW,SENSOR- BAJA VELOCIDAD- THERMO RAMSEY
10276597,unidad,LIGHT-INDICATING-PILT-RED-110 TO 120 V,LUZ- PILOTO- TIPO- OJO DE BUEY- 120/6 VAC- COLOR- ROJO- SERIE E34
10250525,unidad,LIGHT-EMERGENCY-AUTONOMOUS-HALGN,LUZ DE EMERGENCIA- ATOMLUX MODELO- 8090-2- TIPO- AUTONOMA- LAMPARA HALOGENA- 2 X 55W
10250745,unidad,ROD-THREADED-1 IN-1 M-8 TPI,VARILLA ROSCADA- 1IN- LARGO- 1M- 8 HILOS X IN
10262442,unidad,ROD-THREADED-3/4 IN-1 M-10 TPI,VARILLA ROSCADA- 3/4IN- LARGO- 1M- 10 HILOS X IN
10250751,unidad,FLANGE-BLIND-18 IN-ASTM A105 S/150,BRIDA- CIEGA- DIAMETRO- 18IN- S/150 A-105
10262470,unidad,NUT-5/8 IN-UNC-316 SS,TUERCA- ACERO INOXIDABLE 316SS- 5/8 IN UNC
10262471,unidad,NUT-7/8 IN-UNC-316 SS,TUERCA- ACERO INOXIDABLE 316SS- 7/8 IN UNC
10255707,unidad,WASHER-FLAT-PL-1/2 IN-316 SS,ARANDELA- PLANA- ACERO INOXIDABLE - 316SS- 1/2 IN
10250773,unidad,WASHER-FLAT-PL-3/4 IN-316 SS,ARANDELA- PLANA- ACERO INOXIDABLE - 316SS- 3/4 IN
10255709,unidad,WASHER-FLAT-PL-7/8 IN-316 SS,ARANDELA- PLANA- ACERO INOXIDABLE - 316SS- 7/8 IN
10250825,unidad,ELBOW-PIPE-4 IN-90 DEG-HDPE-PE4710,CODO- 90 DEG- HDPE- 4 IN- SDR 11- PE 4710
10262522,unidad,TEE-PIPE-4 IN-HDPE-PE4710-SDR 17-MLDD,TEE- HDPE- MOLDEADA- 4 X 4 IN- SDR 17- PE 4710
10255757,unidad,TEE-PIPE-8 IN-8 IN-SDR 11,TEE- SDR 11- 8 X 8 X 8 IN
10252176,unidad,PIPE-ASTM F714 PE 4710 HDPE-8 IN-40 FT,TUBERIA- HDPE- 8 IN- SDR 17 X 12 MT- ASTM F714- PE 4710
10252177,unidad,PIPE-ASTM F714 PE 4710 HDPE-12 IN-40 FT,TUBERIA- HDPE- 12 IN- SDR 17 X 12 MT- ASTM F714- PE 4710
10262703,unidad,LAMP-FLUORESCENT-20 W-T12-MED BI-PIN,LAMPARA- FLUORESCENTE- F20T12/D- 20 W- 20 IN- T-12
10255944,unidad,LAMP-FLUORESCENT-36 W-T8 STRGHT-86-TLD,LAMPARA- FLUORESCENTE- 36W- RECTO- T8- TLD- 86- SERIE 80- MARCA- PHILIPS
10262722,unidad,IGNITOR-LAMP-NA-70 W-220 V-60 HZ-REAC,IGNITOR- LAMPARA VAPOR SODIO- 70W- 220V- 60 HZ- SON70IA22/6BT- MARCA- PHILIPS
10252951,unidad,IGNITOR-LAMP-NA-150 W-220 V-60 HZ-REAC,IGNITOR- LAMPARA VAPOR SODIO- 150W- 220V- 60 HZ- SON150IA226BT- MARCA- PHILIPS
10255960,unidad,LAMP-INCANDESCENT-25 W-110 V-E14-FILMNT,LAMPARA INCANDESCENTE- LRE14T- 25W- 110 V- E14 (CIRCULINA SIRENA)
10252957,unidad,LAMP-SODIUM-HGH O/P-400 W-220 V-E40,LAMPARA- VAPOR DE SODIO- 220V- 400W- E40- ROSCA- LUCALOX- LU400/HO/T/40 NG- CLARA COD. 47963
10251004,unidad,IGNITOR-LAMP-FRICTION-HPS-400 W-220 V,IGNITOR- PARA LAMPARA DE VAPOR DE SODIO- 220V- 400W
10262728,unidad,CONDENSER-REFR-220 V-400 W-HPS LMP,CONDENSADOR- PARA LAMPARA DE VAPOR DE SODIO- 220V- 400W
10251005,unidad,LAMP-SODIUM-HGH O/P-250 W-220 V-E40,LAMPARA- VAPOR DE SODIO- 220V- 250W- E40- LUCALOX- LU250/HO/T/40- CLARA COD. 35120
10251006,unidad,COIL-ELECTRICAL-STRTR-220 V-IGNTOR,BOBINA- ARRANQUE- IGNITOR PARA LAMPARA DE VAPOR DE SODIO- 220V- 250W
10262859,unidad,ANGLE-1-1/2 X 1-1/2 X 3/16 IN,ANGULO- ACERO- 1-1/2IN X 1-1/2IN X 3/16IN- ASTM A36- 6000MM
10262860,unidad,ANGLE-2 X 2 X 1/4 IN X 20 FT LG,ANGULO- ACERO- 2IN X 2IN X 1/4IN- ASTM A36- 6000MM
10256067,unidad,ANGLE-4 X 4 X 1/2 IN X 20 FT LG,ANGULO- ACERO- 4IN X 4IN X 1/2IN- ASTM A36- 6000MM
10251113,unidad,ANGLE-4 X 4 X 1/4 IN X 20 FT LG,ANGULO- ACERO- 4IN X 4IN X 1/4IN- ASTM A36- 6000MM
10251115,unidad,PLATE-1/16 X 48 X 96 IN-ASTM A36 STL,PLACA- ACERO- 1/16IN X 48IN X 96IN- ASTM A36
10256071,unidad,PLATE-1/2 X 60 X 120 IN-ASTM A36 STL,PLACA- ACERO- 1/2IN X 1500 x 3000MM- ASTM A36
10256072,unidad,PLATE-1/4 X 60 X 120 IN-ASTM A36 STL,PLACA- ACERO- 1/4IN X 1500 x 3000MM- ASTM A36
10251118,unidad,PLATE-1/8 X 60 X 120 IN-ASTM A36 STL,PLACA- ACERO- 1/8IN X 1500 x 3000MM- ASTM A36
10256824,unidad,ROD-THREADED-1-1/4 IN-12 TPI-300 MM-UNC,VARILLA- ROSCADA- ACERO- 1 1/4 IN X 300 MM-12UNC- G8
10266208,unidad,SLEEVE-DN100/4 IN-EPDM-FLGD,MANGUITO- EPDM- CON BRIDA 4 IN- DN100
10256960,unidad,SLEEVE-DN80/3 IN-EPDM-FLGD,MANGUITO- EPDM- CON BRIDA 3 IN- DN80
10278603,unidad,CHANNEL-SLTD-40 X 50 MM-PVC-CABL,CABLECANAL- PVC- 40 X 50MM- RANURADO- REF- ZOL0006- MARCA- ZOLODA
10278604,unidad,CHANNEL-SLTD-70 X 50 MM-PVC-CABL,CABLECANAL- PVC- 70 X 50MM- RANURADO- REF- ZOL0008- MARCA- ZOLODA
10278605,unidad,CHANNEL-SLTD-100 X 80 MM-PVC-CABL,CABLECANAL- PVC- 100 X 80MM- RANURADO- REF- ZOL0011- MARCA- ZOLODA
10266361,unidad,PLUG-EXPANSION-4-WAY-FXNG-8 MM-NYL,TACO- FIJACION- PVC- 8MM- REF- SX8-70008- MARCA- FISCHER
10266362,unidad,PLUG-EXPANSION-4-WAY-FXNG-10 MM-NYL,TACO- FIJACION- PVC- 10MM- REF- SX10-070010- MARCA- FISCHER
10266363,unidad,PLUG-EXPANSION-4-WAY-FXNG-12 MM-NYL,TACO- FIJACION- PVC- 12MM- REF- SX12-070012- MARCA- FISCHER
10257120,unidad,BOLT-ANCHOR-10 MM-MTL-TACO-FIXTN,TACO- FIJACION- METALICO- 10MM- FWA 10/35 X 115- REF- 045794- MARCA- FISCHER
10257121,unidad,BOLT-ANCHOR-12 MM-MTL-TACO-FIXTN,TACO- FIJACION- METALICO- 12MM- FWA 12/30 X 120- REF- 045795- MARCA- FISCHER
10266364,unidad,PLUG-1/4 IN-MTLC-FXNG-SRM,TACO- FIJACION- METALICO- SRM 1/4- REF- 615192- MARCA- FISCHER
10254442,unidad,PLUG-SLF-DRIL-3/8 IN-MTLC-FXNG-SRM,TACO- FIJACION- METALICO- SRM 3/8- REF- 615194- MARCA- FISCHER
10257171,metros,CABLE-1 X 16 MM-CU-GRN/YEL-P,CABLE- COBRE- UNIPOLAR- 1 X 16- VERDE/AMARILLO- MARCA- PRYSMIAN
10266420,metros,CABLE-UNIPOLAR-1 X 35 MM-CU-GRN/YEL,CABLE- COBRE- UNIPOLAR- 1 X 35 MM- VERDE/AMARILLO- MARCA- PRYSMIAN
10267990,unidad,NIPPLE-1-1/2 IN-NPT-6 IN-316 SS,NIPLE- ACERO INOXIDABLE- 316 SS- 1-1/2 X 6 IN- NPT- FABRICANTE- FAMIQ
10281507,unidad,TEE-1/4 IN,TEE-1/4
10281508,unidad,TEE-3/8 IN,TEE-3/8
10268265,unidad,TEE-1/2 IN,TEE-L/2
10268266,unidad,TEE-3/4 IN,TEE- 3/4
10281509,unidad,TEE,TEE-I
10268267,unidad,TEE-1-1/4 IN,TEE- 1-1/4
10286330,unidad,TEE-PIPE-3/4 IN-3/4 IN-GALVZ,TEE- 3/4IN
10269252,unidad,LAMP-INCANDESCENT-1.2 W-24 V,LAMP- INCANDESCENT- 24V 1.2W 24V 1.2W
10287695,metros,HEATER-TRACE-69 W-115 V,HATER- TRACE- 115V- 69W
10271895,unidad,NIPPLE-CONDUIT-1-1/2 IN-3 IN-FNSH-GALVZ,NIPPLE- CONDUIT- GALVANIZED- 1-1/2X3
10260378,unidad,NIPPLE-CONDUIT-CLSE-1-1/2 IN-FNSH-GALVZ,NIPPLE- CONDUIT- GALVANIZED- 1-1/2XCLOSE
10269686,unidad,NIPPLE-CONDUIT-CLSE-1-1/4 IN-FNSH-GALVZ,NIPPLE- CONDUIT- GALVANIZED- 1-1/4XCLOSE
10264258,unidad,NIPPLE-CONDUIT-1/2 IN-5 IN-FNSH-GALVZ,NIPPLE- CONDUIT- GALVANIZED- 1/2X5
10269690,unidad,NIPPLE-CONDUIT-1-1/2 IN-4 IN-FNSH-GALVZ,NIPPLE- CONDUIT- GALVANIZED- 1-1/2X4
10260380,unidad,NIPPLE-CONDUIT-1-1/2 IN-5 IN-FNSH-GALVZ,NIPPLE- CONDUIT- GALVANIZED- 1-1/2X5
10271897,unidad,NIPPLE-CONDUIT-1-1/2 IN-6 IN-FNSH-GALVZ,NIPPLE- CONDUIT- GALVANIZED- 1-1/2X6
10271898,unidad,NIPPLE-CONDUIT-1-1/4 IN-2 IN-FNSH-GALVZ,NIPPLE- CONDUIT- GALVANIZED- 1-1/4X2
10271899,unidad,NIPPLE-CONDUIT-1-1/4 IN-3 IN-FNSH-GALVZ,NIPPLE- CONDUIT- GALVANIZED- 1-1/4X3
10271900,unidad,NIPPLE-CONDUIT-1-1/4 IN-4 IN-FNSH-GALVZ,NIPPLE- CONDUIT- GALVANIZED- 1-1/4X4
10269691,unidad,NIPPLE-CONDUIT-1-1/4 IN-5 IN-FNSH-GALVZ,NIPPLE- CONDUIT- GALVANIZED- 1-1/4X5
10260381,unidad,NIPPLE-CONDUIT-1-1/4 IN-6 IN-FNSH-GALVZ,NIPPLE- CONDUIT- GALVANIZED- 1-1/4X6
10264261,unidad,NIPPLE-CONDUIT-1 IN-4 IN-FNSH-GALVZ,NIPPLE- CONDUIT- GALVANIZED- 1X4
10260383,unidad,NIPPLE-CONDUIT-CLSE-1 IN-FNSH-GALVZ,NIPPLE- CONDUIT- GALVANIZED- 1XCLOSE
10269692,unidad,CONTROLLER-PHOTOELECTRIC-PHOTOCONTROL,PHOTOCONTROL- 2001- 180D- MOUNTING 1/2CONDUIT
10260384,unidad,CONTROLLER-PHOTOELECTRIC-PHOTOCONTROL,PHOTOCONTROL- 2002- 180D- MOUNTING 1/2CONDUIT
10260385,unidad,NIPPLE-CONDUIT-3/4 IN-2 IN-FNSH-GALVZ,NIPPLE- CONDUIT- GALVANIZED- 3/4X2
10260386,unidad,NIPPLE-CONDUIT-3/4 IN-5 IN-FNSH-GALVZ,NIPPLE- CONDUIT- GALVANIZED- 3/4X5
10271906,unidad,NIPPLE-CONDUIT-6 IN-FNSH-GALVZ,NIPPLE- CONDUIT- GALVANIZED- 3/4X6
10260387,unidad,NIPPLE-CONDUIT-CLSE-3/4 IN-FNSH-GALVZ,NIPPLE- CONDUIT- GALVANIZED- 3/4XCLOSE
10269693,unidad,CONTROLLER-PHOTOELECTRIC-PHOTOCONTROL,PHOTOCONTROL- 3000- 120V- FLUSH MOUNTING
10264263,unidad,CONTROLLER-PHOTOELECTRIC-PHOTOCONTROL,PHOTOCONTROL- 3000- 208-277V- FLUSH MOUNTING
10273664,unidad,ELBOW-PIPE-4 IN-BVL WLDG-SCH 40-90 DEG,CODO 90°- 4 IN- ANSI / ASME B16.9- SCH 40- CON BISEL PARA SOLDAR
10265172,unidad,ROD-THREADED-5/8 IN-11 TPI-1 M-STL,VARILLA- ROSCADA- ACERO- 5/8 IN X 1 M- 11 HILOS X IN
10265278,unidad,SOCKET-ELECTRICAL-HGH CONSUMPTION-10 A,FICHA- MACHO- DOMICILIARIA- ALTO CONSUMO- 10 AMP- KS 44601- MARCA KALOP
10272813,unidad,SOCKET-ELECTRICAL-HGH CONSUMPTION-10 A,FICHA- HEMBRA- DOMICILIARIA- ALTO CONSUMO- 10 AMP- KS 44610- MARCA KALOP
10274015,unidad,COVER-BLND-3 IN-AL-FOR QCK CPLR,TAPA CIEGA- ACOPLE RAPIDO- ALUMINIO- 3 IN- MARCA- KEFREN- 634-A
10294986,unidad,PLATE-WEAR-420 X 470-TYP VIII,PLACA DE DESGASTE- 420 X 470 (TIPO VIII)- PLANO SIAC- 81-12-08-01 (REV C)- PLANO REF- 2887-M-DT-240015
10295002,unidad,DRILL-HELICOIDAL-M2 HSS-16 MM-BRND-EZETA,BROCA- HELICOIDAL- DE CABO CILINDRICO- ACERO HSS-M2- 16 MM
10295244,unidad,ABSORBENT-SOCKS-4 BALE-OIL-CSE-MOD T-270,CORDON- ABSORBENTE DE HIDROCARBUROS- MODELO- T-270- MARCA- 3M
10295428,unidad,BEACON-9 LED-24 V-BLU-REF-FL 101,BALIZA- 9 LED- 24 VOLT- AZUL- REF- FL 101
10295766,metros,CABLE-POWER-HGH TEMP-500 V-CU-SLCNE RBR,CABLE- ELECTRICO- ALTA TEMPERATURA- UNIPOLAR- COBRE- AISLAM- CAUCHO-SILICONA- 500 V- TEMP SERV- +180°C- X 100 MT